[
  {
    "id": "96d937e5-2b54-4264-a0b1-e34622a3e3e4",
    "data": [
      {
        "text": "show me some deals",
        "userDefined": false
      }
    ],
    "isTemplate": false,
    "count": 0,
    "lang": "en",
    "updated": 0
  },
  {
    "id": "4a31d781-ff47-4a43-a7b3-08b61ac551cc",
    "data": [
      {
        "text": "special deal",
        "userDefined": false
      }
    ],
    "isTemplate": false,
    "count": 0,
    "lang": "en",
    "updated": 0
  },
  {
    "id": "e508338c-4fa8-4d39-aa5d-28e501c136b2",
    "data": [
      {
        "text": "deals",
        "userDefined": false
      }
    ],
    "isTemplate": false,
    "count": 0,
    "lang": "en",
    "updated": 0
  }
]